1,20201012110755chantale,1000048,1,0.7,0.7,10/8/2020,8,chantale
2,20201008112349chantale,1000048,1,0.7,0.7,10/8/2020,8,chantale
3,20201008113244chantale,1000253,1,0.75,0.75,10/8/2020,8,chantale
4,20201008113352chantale,1000265,3,0.05,0.15,10/8/2020,8,chantale
5,20201008113424chantale,1000232,1,0.25,0.25,10/8/2020,8,chantale
6,20201008113524chantale,1000214,1,1,1,10/8/2020,8,chantale
7,20201008113732chantale,1000033,5,0.5,2.5,10/8/2020,8,chantale
8,20201008113815chantale,1000253,1,0.75,0.75,10/8/2020,8,chantale
9,20201008113916chantale,1000252,2,0.4,0.8,10/8/2020,8,chantale
10,20201008113933chantale,2000013,1,3,3,10/8/2020,8,chantale
11,20201008115110chantale,2000013,1,3,3,10/8/2020,8,chantale
12,20201008115257chantale,3000004,3,1.5,4.5,10/8/2020,8,chantale
13,20201008115335chantale,1000023,1,1,1,10/8/2020,8,chantale
14,20201008115502chantale,1000032,3,0.5,1.5,10/8/2020,8,chantale
15,20201008115548chantale,1000133,1,5.5,5.5,10/8/2020,8,chantale
16,20201008120008chantale,1000215,14,0.2,2.8,10/8/2020,8,chantale
17,20201008120103chantale,1000032,1,0.5,0.5,10/8/2020,8,chantale
18,20201008120148chantale,1000014,1,0.9,0.9,10/8/2020,8,chantale
19,20201008120231chantale,1000267,3,0.05,0.15,10/8/2020,8,chantale
20,20201008120322chantale,1000221,5,0.1,0.5,10/8/2020,8,chantale
21,20201008120351chantale,1000024,1,0.85,0.85,10/8/2020,8,chantale
22,20201008120423chantale,1000123,1,2,2,10/8/2020,8,chantale
23,20201008120504chantale,1000226,2,1,2,10/8/2020,8,chantale
24,20201008120534chantale,1000003,2,2.5,5,10/8/2020,8,chantale
25,20201008120543chantale,1000252,1,0.4,0.4,10/8/2020,8,chantale
26,20201008121120chantale,1000288,1,2.5,2.5,10/8/2020,8,chantale
27,20201008121329chantale,1000030,1,0.5,0.5,10/8/2020,8,chantale
28,20201008121406chantale,1000265,8,0.05,0.4,10/8/2020,8,chantale
29,20201008121442chantale,1000051,1,0.35,0.35,10/8/2020,8,chantale
30,20201008121526chantale,1000245,1,1,1,10/8/2020,8,chantale
31,20201008121640chantale,1000252,5,0.4,2,10/8/2020,8,chantale
32,20201008121817chantale,1000214,1,1,1,10/8/2020,8,chantale
33,20201008122557chantale,1000007,1,0.6,0.6,10/8/2020,8,chantale
34,20201008122646chantale,1000030,1,0.5,0.5,10/8/2020,8,chantale
35,20201008122730chantale,1000214,1,1,1,10/8/2020,8,chantale
36,20201008122817chantale,1000221,10,0.1,1,10/8/2020,8,chantale
37,20201008122847chantale,1000017,1,3,3,10/8/2020,8,chantale
38,20201008122913chantale,1000258,1,0.5,0.5,10/8/2020,8,chantale
39,20201008122958chantale,1000018,1,3,3,10/8/2020,8,chantale
40,20201008123111chantale,1000029,1,0.85,0.85,10/8/2020,8,chantale
41,20201008123159chantale,2000004,1,1,1,10/8/2020,8,chantale
42,20201008123232chantale,1000253,1,0.75,0.75,10/8/2020,8,chantale
43,20201008123238chantale,1000200,1,6,6,10/8/2020,8,chantale
44,20201008123749chantale,1000265,1,0.05,0.05,10/8/2020,8,chantale
45,20201008123822chantale,1000251,1,5,5,10/8/2020,8,chantale
46,20201008123927chantale,1000226,1,1,1,10/8/2020,8,chantale
47,20201008124030chantale,1000090,1,12,12,10/8/2020,8,chantale
48,20201009125424chantale,1000051,1,0.35,0.35,10/9/2020,8,chantale
49,20201009125538chantale,1000051,3,0.35,1.05,10/9/2020,8,chantale
50,20201009125645chantale,1000113,2,2,4,10/9/2020,8,chantale
51,20201009125729chantale,1000253,2,0.75,1.5,10/9/2020,8,chantale
52,20201009125826chantale,1000092,1,2.5,2.5,10/9/2020,8,chantale
53,20201009125855chantale,1000003,2,2.5,5,10/9/2020,8,chantale
54,20201009125946chantale,1000004,1,2.5,2.5,10/9/2020,8,chantale
55,20201009130040chantale,1000178,1,1,1,10/9/2020,8,chantale
56,20201009130126chantale,1000153,1,1,1,10/9/2020,8,chantale
57,20201009130219chantale,1000048,2,0.7,1.4,10/9/2020,8,chantale
58,20201009130249chantale,1000265,1,0.05,0.05,10/9/2020,8,chantale
59,20201009130318chantale,1000239,1,5.5,5.5,10/9/2020,8,chantale
60,20201009130539chantale,1000215,12,0.2,2.4,10/9/2020,8,chantale
61,20201009130702chantale,1000032,7,0.5,3.5,10/9/2020,8,chantale
62,20201009130740chantale,1000214,1,1,1,10/9/2020,8,chantale
63,20201009130929chantale,1000033,10,0.5,5,10/9/2020,8,chantale
64,20201009131014chantale,1000264,1,0.1,0.1,10/9/2020,8,chantale
65,20201009131132chantale,1000265,6,0.05,0.3,10/9/2020,8,chantale
66,20201009131202chantale,3000002,2,0.05,0.1,10/9/2020,8,chantale
67,20201009132326chantale,1000024,1,0.85,0.85,10/9/2020,8,chantale
68,20201009132356chantale,1000014,1,0.9,0.9,10/9/2020,8,chantale
69,20201009132438chantale,1000218,1,1,1,10/9/2020,8,chantale
70,20201009132505chantale,1000037,1,1,1,10/9/2020,8,chantale
71,20201009132545chantale,1000263,2,0.15,0.3,10/9/2020,8,chantale
72,20201009132623chantale,3000004,2,1.5,3,10/9/2020,8,chantale
73,20201009132659chantale,1000193,1,0.5,0.5,10/9/2020,8,chantale
74,20201009132740chantale,1000265,4,0.05,0.2,10/9/2020,8,chantale
75,20201009132811chantale,1000253,3,0.75,2.25,10/9/2020,8,chantale
76,20201009132837chantale,1000193,1,0.5,0.5,10/9/2020,8,chantale
77,20201009132917chantale,1000263,2,0.15,0.3,10/9/2020,8,chantale
78,20201009145526chantale,3000006,1,3,3,10/9/2020,8,chantale
79,20201009145603chantale,1000134,1,0.4,0.4,10/9/2020,8,chantale
80,20201009145751chantale,1000015,1,2,2,10/9/2020,8,chantale
81,20201009145947chantale,1000258,1,0.5,0.5,10/9/2020,8,chantale
82,20201009150621chantale,1000004,2,2.5,5,10/9/2020,8,chantale
83,20201009150950chantale,1000084,1,18,18,10/9/2020,8,chantale
84,20201009151200chantale,1000249,1,6,6,10/9/2020,8,chantale
85,20201009151324chantale,1000233,1,0.15,0.15,10/9/2020,8,chantale
86,20201009151427chantale,1000131,1,3.5,3.5,10/9/2020,8,chantale
87,20201009151501chantale,1000168,1,2,2,10/9/2020,8,chantale
88,20201009151634chantale,3000010,1,6,6,10/9/2020,8,chantale
89,20201009151711chantale,1000049,1,0.35,0.35,10/9/2020,8,chantale
90,20201009151748chantale,1000245,1,1,1,10/9/2020,8,chantale
91,20201009151947chantale,1000008,1,0.6,0.6,10/9/2020,8,chantale
92,20201009152025chantale,1000211,1,3.5,3.5,10/9/2020,8,chantale
93,20201009152056chantale,1000049,1,0.35,0.35,10/9/2020,8,chantale
94,20201009152104chantale,1000232,1,0.25,0.25,10/9/2020,8,chantale
95,20201009152153chantale,1000194,1,1,1,10/9/2020,8,chantale
96,20201009152259chantale,1000049,1,0.35,0.35,10/9/2020,8,chantale
97,20201009152342chantale,1000023,2,1,2,10/9/2020,8,chantale
98,20201009152444chantale,1000267,1,0.05,0.05,10/9/2020,8,chantale
99,20201009152631chantale,1000049,1,0.35,0.35,10/9/2020,8,chantale
100,20201009152713chantale,3000015,1,0.5,0.5,10/9/2020,8,chantale
101,20201009152903chantale,1000120,3,1,3,10/9/2020,8,chantale
102,20201009152948chantale,1000083,1,10,10,10/9/2020,8,chantale
103,20201009153021chantale,1000049,1,0.35,0.35,10/9/2020,8,chantale
104,20201009153028chantale,1000304,2,2.5,5,10/9/2020,8,chantale
105,20201009153318chantale,1000236,2,0.1,0.2,10/9/2020,8,chantale
106,20201009153514chantale,1000139,1,6,6,10/9/2020,8,chantale
107,20201009153625chantale,3000027,1,12,12,10/9/2020,8,chantale
108,20201009153728chantale,1000120,1,1,1,10/9/2020,8,chantale
109,20201009153855chantale,1000051,2,0.35,0.7,10/9/2020,8,chantale
110,20201009154005chantale,1000049,1,0.35,0.35,10/9/2020,8,chantale
111,20201009154043chantale,1000049,1,0.35,0.35,10/9/2020,8,chantale
112,20201009154127chantale,1000021,1,0.85,0.85,10/9/2020,8,chantale
113,20201009154205chantale,1000286,1,0.25,0.25,10/9/2020,8,chantale
114,20201009154259chantale,1000304,2,2.5,5,10/9/2020,8,chantale
115,20201009154307chantale,1000086,1,16,16,10/9/2020,8,chantale
116,20201009154435chantale,1000121,1,2.5,2.5,10/9/2020,8,chantale
117,20201009154554chantale,1000120,3,1,3,10/9/2020,8,chantale
118,20201009154656chantale,1000258,1,0.5,0.5,10/9/2020,8,chantale
119,20201009154734chantale,1000014,2,0.9,1.8,10/9/2020,8,chantale
120,20201009154743chantale,1000257,1,0.6,0.6,10/9/2020,8,chantale
121,20201009155808chantale,1000090,1,12,12,10/9/2020,8,chantale
122,20201009155857chantale,1000257,1,0.6,0.6,10/9/2020,8,chantale
123,20201009160004chantale,1000184,1,2,2,10/9/2020,8,chantale
124,20201009160010chantale,1000195,5,0.15,0.75,10/9/2020,8,chantale
125,20201009160316chantale,1000195,1,0.15,0.15,10/9/2020,8,chantale
126,20201009160404chantale,1000032,1,0.5,0.5,10/9/2020,8,chantale
127,20201009160443chantale,1000218,1,1,1,10/9/2020,8,chantale
128,20201009160510chantale,1000030,1,0.5,0.5,10/9/2020,8,chantale
129,20201009160548chantale,1000046,1,53,53,10/9/2020,8,chantale
130,20201010160945chantale,1000221,1,0.1,0.1,10/10/2020,8,chantale
131,20201010161143chantale,1000087,2,5,10,10/10/2020,8,chantale
132,20201010161150chantale,1000258,1,0.5,0.5,10/10/2020,8,chantale
133,20201010161244chantale,1000224,1,0.1,0.1,10/10/2020,8,chantale
134,20201010161321chantale,1000051,1,0.35,0.35,10/10/2020,8,chantale
135,20201010161405chantale,1000265,1,0.05,0.05,10/10/2020,8,chantale
136,20201010161440chantale,1000195,2,0.15,0.3,10/10/2020,8,chantale
137,20201010161459chantale,1000195,1,0.15,0.15,10/10/2020,8,chantale
138,20201010161547chantale,1000030,1,0.5,0.5,10/10/2020,8,chantale
139,20201010161758chantale,1000215,16,0.2,3.2,10/10/2020,8,chantale
140,20201010161833chantale,3000003,1,0.05,0.05,10/10/2020,8,chantale
141,20201010161906chantale,1000232,1,0.25,0.25,10/10/2020,8,chantale
142,20201010161934chantale,1000022,1,0.85,0.85,10/10/2020,8,chantale
143,20201010162204chantale,1000033,17,0.5,8.5,10/10/2020,8,chantale
144,20201010162348chantale,1000032,11,0.5,5.5,10/10/2020,8,chantale
145,20201010162420chantale,1000255,1,1,1,10/10/2020,8,chantale
146,20201010162507chantale,1000014,1,0.9,0.9,10/10/2020,8,chantale
147,20201010162537chantale,1000224,1,0.1,0.1,10/10/2020,8,chantale
148,20201010162608chantale,1000288,1,2.5,2.5,10/10/2020,8,chantale
149,20201010162800chantale,1000212,1,2,2,10/10/2020,8,chantale
150,20201010162831chantale,1000051,1,0.35,0.35,10/10/2020,8,chantale
151,20201010162908chantale,1000034,1,0.85,0.85,10/10/2020,8,chantale
152,20201010163107chantale,1000004,4,2.5,10,10/10/2020,8,chantale
153,20201010163159chantale,1000228,1,0.4,0.4,10/10/2020,8,chantale
154,20201010163221chantale,1000232,1,0.25,0.25,10/10/2020,8,chantale
155,20201010163258chantale,1000046,1,53,53,10/10/2020,8,chantale
156,20201010163352chantale,1000049,1,0.35,0.35,10/10/2020,8,chantale
157,20201010163421chantale,1000221,2,0.1,0.2,10/10/2020,8,chantale
158,20201010163529chantale,1000244,1,5.5,5.5,10/10/2020,8,chantale
159,20201010163750chantale,1000265,4,0.05,0.2,10/10/2020,8,chantale
160,20201010163909chantale,1000014,1,0.9,0.9,10/10/2020,8,chantale
161,20201010163916chantale,1000005,2,2.5,5,10/10/2020,8,chantale
162,20201010164012chantale,1000233,2,0.15,0.3,10/10/2020,8,chantale
163,20201010164114chantale,3000010,1,6,6,10/10/2020,8,chantale
164,20201010164215chantale,1000014,1,0.9,0.9,10/10/2020,8,chantale
165,20201010164322chantale,1000258,4,0.5,2,10/10/2020,8,chantale
166,20201010164330chantale,1000245,1,1,1,10/10/2020,8,chantale
167,20201010164901chantale,1000014,1,0.9,0.9,10/10/2020,8,chantale
168,20201010164934chantale,1000168,1,2,2,10/10/2020,8,chantale
169,20201010165012chantale,1000192,1,10,10,10/10/2020,8,chantale
170,20201010165052chantale,1000194,1,1,1,10/10/2020,8,chantale
171,20201010165120chantale,1000048,1,0.7,0.7,10/10/2020,8,chantale
172,20201010165201chantale,1000048,2,0.7,1.4,10/10/2020,8,chantale
173,20201010165408chantale,1000243,1,1.5,1.5,10/10/2020,8,chantale
174,20201010165449chantale,1000251,1,5,5,10/10/2020,8,chantale
175,20201010165526chantale,1000037,1,1,1,10/10/2020,8,chantale
176,20201010165602chantale,1000193,1,0.5,0.5,10/10/2020,8,chantale
177,20201010165645chantale,1000030,1,0.5,0.5,10/10/2020,8,chantale
178,20201010165714chantale,1000051,1,0.35,0.35,10/10/2020,8,chantale
179,20201010165754chantale,1000090,1,12,12,10/10/2020,8,chantale
180,20201010165820chantale,1000083,1,10,10,10/10/2020,8,chantale
181,20201010165900chantale,1000007,1,0.6,0.6,10/10/2020,8,chantale
182,20201010165936chantale,1000141,1,8.5,8.5,10/10/2020,8,chantale
183,20201010165943chantale,1000030,1,0.5,0.5,10/10/2020,8,chantale
184,20201010170033chantale,1000030,1,0.5,0.5,10/10/2020,8,chantale
185,20201010170053chantale,1000121,1,2.5,2.5,10/10/2020,8,chantale
186,20201010170130chantale,1000048,1,0.7,0.7,10/10/2020,8,chantale
187,20201010170157chantale,1000023,1,1,1,10/10/2020,8,chantale
188,20201010170222chantale,1000139,1,6,6,10/10/2020,8,chantale
189,20201010170243chantale,1000194,1,1,1,10/10/2020,8,chantale
190,20201010170250chantale,1000005,6,2.5,15,10/10/2020,8,chantale
191,20201010170538chantale,1000162,1,6,6,10/10/2020,8,chantale
192,20201010170628chantale,1000177,1,1.5,1.5,10/10/2020,8,chantale
193,20201010170634chantale,1000285,1,1,1,10/10/2020,8,chantale
194,20201010170738chantale,1000289,1,2,2,10/10/2020,8,chantale
195,20201010170817chantale,1000084,1,18,18,10/10/2020,8,chantale
196,20201010170853chantale,1000003,1,2.5,2.5,10/10/2020,8,chantale
197,20201010170922chantale,1000245,1,1,1,10/10/2020,8,chantale
198,20201010170951chantale,1000051,1,0.35,0.35,10/10/2020,8,chantale
199,20201010171023chantale,1000258,2,0.5,1,10/10/2020,8,chantale
200,20201010171054chantale,1000005,2,2.5,5,10/10/2020,8,chantale
201,20201010171123chantale,1000003,1,2.5,2.5,10/10/2020,8,chantale
202,20201010171153chantale,1000005,4,2.5,10,10/10/2020,8,chantale
203,20201010171255chantale,1000005,6,2.5,15,10/10/2020,8,chantale
204,20201010171330chantale,1000283,6,1,6,10/10/2020,8,chantale
205,20201010171400chantale,1000248,1,5.5,5.5,10/10/2020,8,chantale
206,20201010171443chantale,1000242,1,1.25,1.25,10/10/2020,8,chantale
207,20201010171506chantale,1000009,1,2.5,2.5,10/10/2020,8,chantale
208,20201010171528chantale,1000001,1,2,2,10/10/2020,8,chantale
209,20201010171556chantale,1000234,1,0.1,0.1,10/10/2020,8,chantale
210,20201010171636chantale,1000046,4,53,212,10/10/2020,8,chantale
211,20201010171709chantale,1000296,3,70,210,10/10/2020,8,chantale
212,20201010171733chantale,1000253,1,0.75,0.75,10/10/2020,8,chantale
213,20201012185013gloire,1000215,1,0.2,0.2,10/12/2020,1,gloire
214,20201012185257gloire,1000023,1,1,1,10/12/2020,1,gloire
215,20201012190100gloire,1000177,1,1.5,1.5,10/12/2020,1,gloire
216,20201012190100gloire,1000017,1,3,3,10/12/2020,1,gloire
217,20201012202222gloire,1000263,1,0.15,0.15,10/12/2020,1,gloire
218,20201012202722gloire,1000253,1,0.75,0.75,10/12/2020,1,gloire
219,20201012212533gloire,1000214,1,1,1,10/12/2020,1,gloire
220,20201012215119gloire,1000024,2,0.85,1.7,10/12/2020,1,gloire
221,20201012215119gloire,1000032,2,0.5,1,10/12/2020,1,gloire
222,20201012215119gloire,1000023,1,1,1,10/12/2020,1,gloire
223,20201012215200gloire,1000033,1,0.5,0.5,10/12/2020,1,gloire
224,20201012220212gloire,1000033,1,0.5,0.5,10/12/2020,1,gloire
225,20201012220312gloire,1000033,1,0.5,0.5,10/12/2020,1,gloire
226,20201012224713gloire,1000134,2,0.4,0.8,10/12/2020,1,gloire
227,20201012224713gloire,1000242,1,1.25,1.25,10/12/2020,1,gloire
228,20201012224713gloire,1000099,1,2.5,2.5,10/12/2020,1,gloire
229,20201012224713gloire,1000258,2,0.5,1,10/12/2020,1,gloire
230,20201012224713gloire,2000003,1,2,2,10/12/2020,1,gloire
231,20201012224713gloire,1000202,1,6.5,6.5,10/12/2020,1,gloire
232,20201012224713gloire,1000095,1,3,3,10/12/2020,1,gloire
233,20201012224713gloire,1000177,1,1.5,1.5,10/12/2020,1,gloire
234,20201012224713gloire,1000018,1,3,3,10/12/2020,1,gloire
235,20201011082620chantale,1000228,2,0.4,0.8,10/11/2020,8,chantale
236,20201011082704chantale,1000014,1,0.9,0.9,10/11/2020,8,chantale
237,20201011082737chantale,1000290,1,3,3,10/11/2020,8,chantale
238,20201011082819chantale,1000107,1,2.5,2.5,10/11/2020,8,chantale
239,20201011082845chantale,1000214,1,1,1,10/11/2020,8,chantale
240,20201011082931chantale,1000033,3,0.5,1.5,10/11/2020,8,chantale
241,20201011083021chantale,1000048,1,0.7,0.7,10/11/2020,8,chantale
242,20201011083056chantale,1000184,1,2,2,10/11/2020,8,chantale
243,20201011083136chantale,1000020,1,3,3,10/11/2020,8,chantale
244,20201011083222chantale,1000241,1,1,1,10/11/2020,8,chantale
245,20201011083228chantale,1000048,1,0.7,0.7,10/11/2020,8,chantale
246,20201011083339chantale,1000021,1,0.85,0.85,10/11/2020,8,chantale
247,20201011083415chantale,1000014,2,0.9,1.8,10/11/2020,8,chantale
248,20201011083447chantale,1000215,2,0.2,0.4,10/11/2020,8,chantale
249,20201011083541chantale,1000095,1,3,3,10/11/2020,8,chantale
250,20201011084210chantale,1000024,1,0.85,0.85,10/11/2020,8,chantale
251,20201011084210chantale,1000021,1,0.85,0.85,10/11/2020,8,chantale
252,20201011084210chantale,1000204,1,2,2,10/11/2020,8,chantale
253,20201011084210chantale,1000258,1,0.5,0.5,10/11/2020,8,chantale
254,20201011084210chantale,1000183,1,1,1,10/11/2020,8,chantale
255,20201011084500chantale,1000263,2,0.15,0.3,10/11/2020,8,chantale
256,20201011084500chantale,1000258,1,0.5,0.5,10/11/2020,8,chantale
257,20201011084500chantale,1000253,1,0.75,0.75,10/11/2020,8,chantale
258,20201011084500chantale,1000265,5,0.05,0.25,10/11/2020,8,chantale
259,20201011084500chantale,1000236,1,0.1,0.1,10/11/2020,8,chantale
260,20201011085039chantale,1000121,1,2.5,2.5,10/11/2020,8,chantale
261,20201011085039chantale,1000263,5,0.15,0.75,10/11/2020,8,chantale
262,20201011085039chantale,1000180,2,1,2,10/11/2020,8,chantale
263,20201011085039chantale,1000033,5,0.5,2.5,10/11/2020,8,chantale
264,20201011085039chantale,1000215,19,0.2,3.8,10/11/2020,8,chantale
265,20201011085039chantale,1000221,3,0.1,0.3,10/11/2020,8,chantale
266,20201011085207chantale,1000258,1,0.5,0.5,10/11/2020,8,chantale
267,20201011085207chantale,1000152,1,3,3,10/11/2020,8,chantale
268,20201011085207chantale,1000131,1,3.5,3.5,10/11/2020,8,chantale
269,20201011085454chantale,1000030,1,0.5,0.5,10/11/2020,8,chantale
270,20201011085454chantale,1000142,1,4,4,10/11/2020,8,chantale
271,20201011085454chantale,1000242,1,1.25,1.25,10/11/2020,8,chantale
272,20201011085617chantale,1000078,1,5,5,10/11/2020,8,chantale
273,20201011085852chantale,1000025,1,2.5,2.5,10/11/2020,8,chantale
274,20201011085852chantale,1000049,1,0.35,0.35,10/11/2020,8,chantale
275,20201011085852chantale,1000021,1,0.85,0.85,10/11/2020,8,chantale
276,20201011085852chantale,1000051,3,0.35,1.05,10/11/2020,8,chantale
277,20201011085852chantale,1000037,1,1,1,10/11/2020,8,chantale
278,20201011085952chantale,1000049,2,0.35,0.7,10/11/2020,8,chantale
279,20201011090046chantale,1000001,1,2,2,10/11/2020,8,chantale
280,20201011090305chantale,1000258,1,0.5,0.5,10/11/2020,8,chantale
281,20201011090305chantale,1000048,1,0.7,0.7,10/11/2020,8,chantale
282,20201011090305chantale,1000194,1,1,1,10/11/2020,8,chantale
283,20201011090408chantale,1000120,2,1,2,10/11/2020,8,chantale
284,20201011090408chantale,1000030,1,0.5,0.5,10/11/2020,8,chantale
285,20201011090438chantale,1000021,1,0.85,0.85,10/11/2020,8,chantale
286,20201011090446chantale,1000049,1,0.35,0.35,10/11/2020,8,chantale
287,20201011090907chantale,1000283,2,1,2,10/11/2020,8,chantale
288,20201011091019chantale,1000120,2,1,2,10/11/2020,8,chantale
289,20201011091058chantale,1000193,1,0.5,0.5,10/11/2020,8,chantale
290,20201011091203chantale,1000084,1,18,18,10/11/2020,8,chantale
291,20201012111825chantale,1000226,2,1,2,10/12/2020,8,chantale
292,20201012111906chantale,1000001,1,2,2,10/12/2020,8,chantale
293,20201012111946chantale,1000051,1,0.35,0.35,10/12/2020,8,chantale
294,20201012112101chantale,1000032,3,0.5,1.5,10/12/2020,8,chantale
295,20201012112112chantale,1000014,1,0.9,0.9,10/12/2020,8,chantale
296,20201012112302chantale,1000049,1,0.35,0.35,10/12/2020,8,chantale
297,20201012112302chantale,1000021,1,0.85,0.85,10/12/2020,8,chantale
298,20201012112446chantale,1000265,2,0.05,0.1,10/12/2020,8,chantale
299,20201012112604chantale,1000014,1,0.9,0.9,10/12/2020,8,chantale
300,20201012112612chantale,1000049,1,0.35,0.35,10/12/2020,8,chantale
301,20201012112734chantale,1000265,2,0.05,0.1,10/12/2020,8,chantale
302,20201012112826chantale,1000221,1,0.1,0.1,10/12/2020,8,chantale
303,20201012112938chantale,1000191,1,11,11,10/12/2020,8,chantale
304,20201012113130chantale,3000002,4,0.05,0.2,10/12/2020,8,chantale
305,20201012113424chantale,1000248,1,5.5,5.5,10/12/2020,8,chantale
306,20201012113424chantale,1000232,20,0.25,5,10/12/2020,8,chantale
307,20201012113433chantale,1000167,17,0.15,2.55,10/12/2020,8,chantale
308,20201012113851chantale,1000258,1,0.5,0.5,10/12/2020,8,chantale
309,20201012113851chantale,1000215,3,0.2,0.6,10/12/2020,8,chantale
310,20201012113851chantale,1000193,1,0.5,0.5,10/12/2020,8,chantale
311,20201012113924chantale,1000245,1,1,1,10/12/2020,8,chantale
312,20201012113932chantale,1000258,1,0.5,0.5,10/12/2020,8,chantale
313,20201013130750chantale,1000014,1,0.9,0.9,10/13/2020,8,chantale
314,20201013130828chantale,1000051,1,0.35,0.35,10/13/2020,8,chantale
315,20201013130915chantale,1000265,4,0.05,0.2,10/13/2020,8,chantale
316,20201013130946chantale,1000215,1,0.2,0.2,10/13/2020,8,chantale
317,20201013132949chantale,1000006,1,1.25,1.25,10/13/2020,8,chantale
318,20201013133117chantale,1000253,1,0.75,0.75,10/13/2020,8,chantale
319,20201013140907chantale,1000014,1,0.9,0.9,10/13/2020,8,chantale
320,20201013140917chantale,3000006,1,3,3,10/13/2020,8,chantale
321,20201013142659chantale,1000253,1,0.75,0.75,10/13/2020,8,chantale
322,20201013142829chantale,1000016,3,0.5,1.5,10/13/2020,8,chantale
323,20201013143633chantale,1000245,1,1,1,10/13/2020,8,chantale
324,20201013144800chantale,1000033,1,0.5,0.5,10/13/2020,8,chantale
325,20201013145841chantale,1000033,1,0.5,0.5,10/13/2020,8,chantale
326,20201013145848chantale,1000049,2,0.35,0.7,10/13/2020,8,chantale
327,20201013160743chantale,1000049,1,0.35,0.35,10/13/2020,8,chantale
328,20201013160804chantale,1000265,1,0.05,0.05,10/13/2020,8,chantale
329,20201013162106chantale,1000265,2,0.05,0.1,10/13/2020,8,chantale
330,20201013162221chantale,1000194,1,1,1,10/13/2020,8,chantale
331,20201013171018chantale,1000215,2,0.2,0.4,10/13/2020,8,chantale
332,20201013173537chantale,1000265,5,0.05,0.25,10/13/2020,8,chantale
333,20201013173604chantale,1000215,1,0.2,0.2,10/13/2020,8,chantale
334,20201013181028chantale,1000001,6,2,12,10/13/2020,8,chantale
335,20201013181028chantale,1000005,3,2.5,7.5,10/13/2020,8,chantale
336,20201013181028chantale,1000010,3,2.5,7.5,10/13/2020,8,chantale
337,20201013181028chantale,1000100,1,3,3,10/13/2020,8,chantale
338,20201013181028chantale,1000304,4,2.5,10,10/13/2020,8,chantale
339,20201013183313chantale,1000215,1,0.2,0.2,10/13/2020,8,chantale
340,20201013183738chantale,1000032,1,0.5,0.5,10/13/2020,8,chantale
341,20201013183925chantale,1000304,2,2.5,5,10/13/2020,8,chantale
342,20201013195241gloire,1000214,1,1,1,10/13/2020,1,gloire
343,20201013195337gloire,1000215,2,0.2,0.4,10/13/2020,1,gloire
344,20201013195614gloire,1000179,2,1.25,2.5,10/13/2020,1,gloire
345,20201013195614gloire,1000214,1,1,1,10/13/2020,1,gloire
346,20201013195614gloire,1000025,1,2.5,2.5,10/13/2020,1,gloire
347,20201013195614gloire,1000019,1,3,3,10/13/2020,1,gloire
348,20201013195734gloire,1000239,1,5.5,5.5,10/13/2020,1,gloire
349,20201013195734gloire,1000239,1,5.5,5.5,10/13/2020,1,gloire
350,20201013202716gloire,1000212,1,2,2,10/13/2020,1,gloire
351,20201013203146gloire,1000033,1,0.5,0.5,10/13/2020,1,gloire
352,20201013205523gloire,1000051,2,0.35,0.7,10/13/2020,1,gloire
353,20201013210234gloire,1000236,2,0.1,0.2,10/13/2020,1,gloire
354,20201013210359gloire,1000033,1,0.5,0.5,10/13/2020,1,gloire
355,20201013211118gloire,1000051,1,0.35,0.35,10/13/2020,1,gloire
356,20201013212935gloire,1000033,1,0.5,0.5,10/13/2020,1,gloire
357,20201013213133gloire,1000215,4,0.2,0.8,10/13/2020,1,gloire
358,20201013214049gloire,1000215,1,0.2,0.2,10/13/2020,1,gloire
359,20201013214319gloire,1000033,1,0.5,0.5,10/13/2020,1,gloire
360,20201013215000gloire,1000114,1,1.5,1.5,10/13/2020,1,gloire
361,20201013215000gloire,1000029,1,0.85,0.85,10/13/2020,1,gloire
362,20201013220213gloire,1000033,1,0.5,0.5,10/13/2020,1,gloire
363,20201013221208gloire,1000033,1,0.5,0.5,10/13/2020,1,gloire
364,20201013222121gloire,1000243,1,1.5,1.5,10/13/2020,1,gloire
365,20201013222606gloire,1000168,1,2,2,10/13/2020,1,gloire
366,20201013222606gloire,3000010,1,6,6,10/13/2020,1,gloire
367,20201013222606gloire,1000120,1,1,1,10/13/2020,1,gloire
368,20201013224945gloire,1000030,1,0.5,0.5,10/13/2020,1,gloire
369,20201013224945gloire,1000049,1,0.35,0.35,10/13/2020,1,gloire
370,20201013225449gloire,1000214,1,1,1,10/13/2020,1,gloire
371,20201013225449gloire,1000215,7,0.2,1.4,10/13/2020,1,gloire
372,20201013225449gloire,1000037,1,1,1,10/13/2020,1,gloire
373,20201013225506gloire,1000033,1,0.5,0.5,10/13/2020,1,gloire
374,20201013225918gloire,1000049,1,0.35,0.35,10/13/2020,1,gloire
375,20201013231229gloire,1000120,1,1,1,10/13/2020,1,gloire
376,20201013225949gloire,1000215,1,0.2,0.2,10/13/2020,1,gloire
377,20201013225949gloire,1000014,1,0.9,0.9,10/13/2020,1,gloire
378,20201013234426gloire,1000253,1,0.75,0.75,10/13/2020,1,gloire
379,20201013235936gloire,1000226,3,1,3,10/14/2020,1,gloire
380,20201013235936gloire,1000215,5,0.2,1,10/14/2020,1,gloire
381,20201014000609gloire,1000302,1,1.25,1.25,10/14/2020,1,gloire
382,20201014003843gloire,1000215,1,0.2,0.2,10/14/2020,1,gloire
383,20201013222502gloire,1000215,3,0.2,0.6,10/13/2020,1,gloire
384,20201013222546gloire,1000257,1,0.6,0.6,10/13/2020,1,gloire
385,20201013222635gloire,1000215,1,0.2,0.2,10/13/2020,1,gloire
386,20201013212929gloire,1000048,1,0.7,0.7,10/13/2020,1,gloire
387,20201014014040gloire,3000002,1,0.05,0.05,10/14/2020,1,gloire
388,20201014095539chantale,1000016,1,0.5,0.5,10/14/2020,8,chantale
389,20201014095606chantale,1000030,1,0.5,0.5,10/14/2020,8,chantale
390,20201014095629chantale,1000215,1,0.2,0.2,10/14/2020,8,chantale
391,20201014100541chantale,1000033,2,0.5,1,10/14/2020,8,chantale
392,20201014100606chantale,3000003,5,0.05,0.25,10/14/2020,8,chantale
393,20201014110451chantale,3000003,2,0.05,0.1,10/14/2020,8,chantale
394,20201014111302chantale,2000009,1,5,5,10/14/2020,8,chantale
395,20201014111952chantale,1000014,1,0.9,0.9,10/14/2020,8,chantale
396,20201014111952chantale,1000258,1,0.5,0.5,10/14/2020,8,chantale
397,20201014112317chantale,1000258,1,0.5,0.5,10/14/2020,8,chantale
398,20201014112930chantale,1000033,1,0.5,0.5,10/14/2020,8,chantale
399,20201014113304chantale,1000232,1,0.25,0.25,10/14/2020,8,chantale
400,20201014115450chantale,1000033,1,0.5,0.5,10/14/2020,8,chantale
401,20201014130048chantale,3000006,1,3,3,10/14/2020,8,chantale
402,20201014130048chantale,1000015,1,2,2,10/14/2020,8,chantale
403,20201014130048chantale,1000017,1,3,3,10/14/2020,8,chantale
404,20201014144143chantale,1000015,1,2,2,10/14/2020,8,chantale
405,20201014144143chantale,1000023,1,1,1,10/14/2020,8,chantale
406,20201014144143chantale,1000038,1,1,1,10/14/2020,8,chantale
407,20201014145730chantale,1000050,1,0.7,0.7,10/14/2020,8,chantale
408,20201014145809chantale,1000236,1,0.1,0.1,10/14/2020,8,chantale
409,20201014160849chantale,1000214,1,1,1,10/14/2020,8,chantale
410,20201014160849chantale,1000048,1,0.7,0.7,10/14/2020,8,chantale
411,20201014160849chantale,1000038,1,1,1,10/14/2020,8,chantale
412,20201014162031chantale,1000048,1,0.7,0.7,10/14/2020,8,chantale
413,20201014162031chantale,3000003,1,0.05,0.05,10/14/2020,8,chantale
414,20201014165708chantale,1000021,1,0.85,0.85,10/14/2020,8,chantale
415,20201014170452chantale,1000215,1,0.2,0.2,10/14/2020,8,chantale
416,20201014170528chantale,1000032,1,0.5,0.5,10/14/2020,8,chantale
417,20201014170528chantale,1000033,1,0.5,0.5,10/14/2020,8,chantale
418,20201014192816gloire,1000304,1,2.5,2.5,10/14/2020,1,gloire
419,20201014192816gloire,1000063,1,16,16,10/14/2020,1,gloire
420,20201014192816gloire,1000033,1,0.5,0.5,10/14/2020,1,gloire
421,20201014193235gloire,1000051,1,0.35,0.35,10/14/2020,1,gloire
422,20201014194038gloire,1000215,1,0.2,0.2,10/14/2020,1,gloire
423,20201014194038gloire,1000215,1,0.2,0.2,10/14/2020,1,gloire
424,20201014194234gloire,1000030,1,0.5,0.5,10/14/2020,1,gloire
425,20201014200502gloire,1000051,2,0.35,0.7,10/14/2020,1,gloire
426,20201014200901gloire,3000015,1,0.5,0.5,10/14/2020,1,gloire
427,20201014200901gloire,1000004,1,2.5,2.5,10/14/2020,1,gloire
428,20201014200901gloire,1000003,1,2.5,2.5,10/14/2020,1,gloire
429,20201014201047gloire,1000014,1,0.9,0.9,10/14/2020,1,gloire
430,20201014201248gloire,1000014,1,0.9,0.9,10/14/2020,1,gloire
431,20201014202046gloire,1000001,4,2,8,10/14/2020,1,gloire
432,20201014202046gloire,1000125,1,2,2,10/14/2020,1,gloire
433,20201014202046gloire,1000121,1,2.5,2.5,10/14/2020,1,gloire
434,20201013202742gloire,1000251,1,5,5,10/13/2020,1,gloire
435,20201013202742gloire,1000031,1,0.85,0.85,10/13/2020,1,gloire
436,20201014203152gloire,1000049,1,0.35,0.35,10/14/2020,1,gloire
437,20201014204450gloire,1000045,1,2.5,2.5,10/14/2020,1,gloire
438,20201014210100gloire,1000030,1,0.5,0.5,10/14/2020,1,gloire
439,20201014211337gloire,1000033,1,0.5,0.5,10/14/2020,1,gloire
440,20201014211337gloire,1000215,1,0.2,0.2,10/14/2020,1,gloire
441,20201014212131gloire,1000215,6,0.2,1.2,10/14/2020,1,gloire
442,20201014212151gloire,1000032,1,0.5,0.5,10/14/2020,1,gloire
443,20201014212401gloire,1000033,1,0.5,0.5,10/14/2020,1,gloire
444,20201014215835gloire,1000032,1,0.5,0.5,10/14/2020,1,gloire
445,20201014215835gloire,1000251,1,5,5,10/14/2020,1,gloire
446,20201014223424gloire,1000203,1,7,7,10/14/2020,1,gloire
447,20201014223424gloire,1000014,2,0.9,1.8,10/14/2020,1,gloire
448,20201014223424gloire,1000015,1,2,2,10/14/2020,1,gloire
449,20201014223439gloire,1000215,2,0.2,0.4,10/14/2020,1,gloire
450,20201014223539gloire,1000033,1,0.5,0.5,10/14/2020,1,gloire
451,20201014223539gloire,1000028,2,0.85,1.7,10/14/2020,1,gloire
452,20201014230626gloire,1000258,2,0.5,1,10/14/2020,1,gloire
453,20201014231427gloire,1000177,1,1.5,1.5,10/14/2020,1,gloire
454,20201014233919gloire,1000194,1,1,1,10/14/2020,1,gloire
455,20201014234722gloire,1000027,1,0.85,0.85,10/14/2020,1,gloire
456,20201014235106gloire,1000212,1,2,2,10/14/2020,1,gloire
457,20201014234815gloire,1000028,2,0.85,1.7,10/15/2020,1,gloire
458,20201015093510chantale,1000033,1,0.5,0.5,10/15/2020,8,chantale
459,20201015093510chantale,1000049,1,0.35,0.35,10/15/2020,8,chantale
460,20201015093622chantale,1000048,1,0.7,0.7,10/15/2020,8,chantale
461,20201015093651chantale,1000051,2,0.35,0.7,10/15/2020,8,chantale
462,20201015093728chantale,1000032,1,0.5,0.5,10/15/2020,8,chantale
463,20201015093752chantale,1000033,1,0.5,0.5,10/15/2020,8,chantale
464,20201015102311chantale,1000226,1,1,1,10/15/2020,8,chantale
465,20201015102834chantale,1000246,1,4.25,4.25,10/15/2020,8,chantale
